<?xml version="1.0" encoding="UTF-8"?>
<beans xmlns="http://www.springframework.org/schema/beans"
	xmlns:xsi="http://www.w3.org/2001/XMLSchema-instance"
	xmlns:context="http://www.springframework.org/schema/context"
	xsi:schemaLocation="http://www.springframework.org/schema/beans http://www.springframework.org/schema/beans/spring-beans.xsd
		http://www.springframework.org/schema/context http://www.springframework.org/schema/context/spring-context-4.3.xsd">
	<!-- <bean id="address" class="com.cg.spring.core.beans.Address" > --> 
	<bean id="addr" class="com.cg.spring.core.beans.Address" > 
	
	<!-- <constructor-arg name="city" value="hyd"></constructor-arg>
	<constructor-arg name="state" value="TG"></constructor-arg> -->
		<property name="city" value="hyd"></property>
		<property name="state" value="TG"></property>
	
	</bean>
<bean id="addr1" class="com.cg.spring.core.beans.Address" > 
	
	<!-- <constructor-arg name="city" value="WGL"></constructor-arg>
	<constructor-arg name="state" value="TG"></constructor-arg> -->
		<property name="city" value="WGL"></property>
		<property name="state" value="TG"></property>
	
	</bean>
		<!-- <bean id="c" class="com.cg.spring.core.beans.Customer" autowire="byType"> -->
	<!-- <bean id="c" class="com.cg.spring.core.beans.Customer" autowire="constructor"> -->
	<bean id="c" class="com.cg.spring.core.beans.Customer">
		<!-- <constructor-arg name="firstName" value="Munni"></constructor-arg>
		<constructor-arg name="lastName" value="Shaik"></constructor-arg> -->
		<property name="firstName" value="Munni"></property>
		<property name="lastName" value="Shaik"></property>
		<!--  <property name="list" ref="addr"></property>  -->
			<!-- <property name="list">
			<list>
				<value>Hello</value>
				<value>Hai</value>
			</list>
			</property>  -->
				
		<!-- <constructor-arg>
			<list>
				<ref bean="addr"/>
				<ref bean="addr1"/>
			</list>
		
		</constructor-arg> -->
		
		<property name="map">
			<map>  
		
				<entry key="1" value-ref="addr"></entry>  
				<entry key="2" value-ref="addr1"></entry>  
			</map>  

		
		</property>
		
	</bean>
</beans>