<?xml version="1.0" encoding="UTF-8"?>
<beans xmlns="http://www.springframework.org/schema/beans"
	xmlns:xsi="http://www.w3.org/2001/XMLSchema-instance"
	xmlns:context="http://www.springframework.org/schema/context"
	xsi:schemaLocation="http://www.springframework.org/schema/beans http://www.springframework.org/schema/beans/spring-beans.xsd
		http://www.springframework.org/schema/context http://www.springframework.org/schema/context/spring-context-4.3.xsd">
        <context:annotation-config></context:annotation-config>
        
        <bean id="emp" class="com.cg.spring.core.Employee" init-method="init" destroy-method="destroyBean">
        	<constructor-arg name="id" value="123"/>
        	<constructor-arg name="name" value="munna"/>
        	<!-- <constructor-arg name="salary" value="21000"/>  -->
        	<property name="salary" value="22000"></property>
        </bean>
        
        <bean id="mgr" class="com.cg.spring.core.Manager">
        	<property name="deptno" value="1011"></property>
        	<property name="pname" value="HSBC"></property>
        	<property name="pcode" value="123123123"></property>
        </bean>
        
</beans>
