<?xml version="1.0" encoding="UTF-8"?>
<beans xmlns="http://www.springframework.org/schema/beans"
    xmlns:xsi="http://www.w3.org/2001/XMLSchema-instance"
    xsi:schemaLocation="http://www.springframework.org/schema/beans
        http://www.springframework.org/schema/beans/spring-beans.xsd">
        
     <!-- <bean id="adr" class="com.cg.spring.core.ci.collection.Address">
        <constructor-arg name="city" value="hyd"></constructor-arg>	
        <constructor-arg name="hno" value="1-172"></constructor-arg>
      </bean> -->
    <!--   <bean id="adr1" class="com.cg.spring.core1.Address">
        <constructor-arg name="city" value="wgl"></constructor-arg>	
        <constructor-arg name="hno" value="1-173"></constructor-arg>
      </bean> -->
    <!--   <bean id="person" class="com.cg.spring.core1.Person">
      	<constructor-arg name="id" value="101" type="int"></constructor-arg>
      	<constructor-arg name="name" value="munni"></constructor-arg>
      	<constructor-arg>
      		<ref bean="adr"/>
      	</constructor-arg>
      </bean> -->
     <!--  
      <bean id="person" class="com.cg.spring.core1.Person">
      	<property name="id" value="102"></property>
      	<property name="name" value="swetha"></property>
      	<property name="address" ref="adr"></property>
      -->
  <!--This is for passing list of String type elements -->   
    <!--   </bean> -->
      <!-- <bean id="q" class="com.cg.spring.core.ci.collection.Question">  
<constructor-arg value="111"></constructor-arg>  
<constructor-arg value="What is java?"></constructor-arg>  
<constructor-arg>  
<list>  
<value>Java is a programming language</value>  
<value>Java is a Platform</value>  
<value>Java is an Island of Indonasia</value>  
</list>  
</constructor-arg>  
</bean> -->
<!--This is for passing list of Address type elements by constructor type injection -->
<!-- <bean id="ans1" class="com.cg.spring.core.ci.collection.Answer">  
<constructor-arg value="1"></constructor-arg>  
<constructor-arg value="Java is a programming language"></constructor-arg>  
<constructor-arg value="Munni"></constructor-arg>  
</bean>  
  
<bean id="ans2" class="com.cg.spring.core.ci.collection.Answer">  
<constructor-arg value="2"></constructor-arg>  
<constructor-arg value="Java is a Platform"></constructor-arg>  
<constructor-arg value="Swetha"></constructor-arg>  
</bean>  
  
<bean id="q" class="com.cg.spring.core.ci.collection.Question">  
<constructor-arg value="111"></constructor-arg>  
<constructor-arg value="What is java?"></constructor-arg>  
<constructor-arg>  
<list>  
<ref bean="ans1"/>  
<ref bean="ans2"/>  
</list>  
</constructor-arg>  
</bean>   -->
 <!--This is for passing list of Address type elements by setter type injection -->     
   <bean id="answer1" class="com.cg.spring.core.ci.collection.Answer">  
<property name="id" value="1"></property>  
<property name="name" value="Java is a programming language"></property>  
<property name="by" value="Munni "></property>  
</bean>  
<bean id="answer2" class="com.cg.spring.core.ci.collection.Answer">  
<property name="id" value="2"></property>  
<property name="name" value="Java is a platform"></property>  
<property name="by" value="Swetha"></property>  
</bean>  
  
<bean id="q" class="com.cg.spring.core.ci.collection.Question">  
<property name="id" value="1"></property>  
<property name="name" value="What is Java?"></property>  
<property name="answers">  
<list>  
<ref bean="answer1"/>  
<ref bean="answer2"/>  
</list>  
</property>  
</bean>  
</beans>